Workbook

Sheet Diccionario de variables
A1: Diccionario de variables de registro
A4: # | B4: Variable | C4: Tipo de dato | D4: Categorías / opciones de llenado | E4: Descripción
A5: HOJAS 'Ficha_Financiamiento' y 'Ficha_Alfabetización' — una fila por candidato
A6: 1 | B6: ID | C6: Numérico | D6: Autogenerado, no editar | E6: Identificador secuencial del candidato dentro de la línea.
A7: 2 | B7: Nombre de la iniciativa | C7: Texto libre | D7: — | E7: Nombre de la reforma, política o programa.
A8: 3 | B8: País | C8: Texto libre | D8: — | E8: País (o países) donde se implementó.
A9: 4 | B9: Año inicio | C9: Numérico | D9: Año (ej. 2008) | E9: Año de implementación.
A10: 5 | B10: Vigencia | C10: Categórica | D10: Vigente / Discontinuada / Rediseñada | E10: Estado actual de la iniciativa.
A11: 6 | B11: Tipo | C11: Categórica | D11: Reforma / Política / Programa | E11: Naturaleza de la iniciativa.
A12: 7 | B12: Alcance | C12: Categórica | D12: Nacional / Subnacional | E12: Nivel de gobierno que implementa la iniciativa.
A13: 8 | B13: Nivel educativo | C13: Categórica | D13: Preescolar / Primaria inicial (1º-3º/4º) / Primaria completa / Secundaria / Todos los niveles | E13: Nivel(es) educativo(s) que cubre.
A14: 9 | B14: Cobertura | C14: Categórica | D14: Sistémico / Focalizado a escala significativa / Piloto acotado | E14: Sistémico: aplica a todo el sistema público o a una categoría amplia y estable (ej. todas las escuelas rurales, todos los estudiantes prioritarios de un registro nacional). Focalizado a escala significativa: segmento acotado pero con volumen relevante y sostenido en el tiempo (ej. una red municipal completa). Piloto acotado: unas pocas escuelas sin escalamiento posterior → excluir, salvo que haya escalado después (en ese caso registrar la versión escalada, no el piloto).
A15: 10 | B15: Región | C15: Categórica | D15: LAC / Otra | E15: Región geográfica del caso.
A16: 11 | B16: Nº de fuentes registradas | C16: Numérico automático | D16: Fórmula, no editar | E16: Cuenta las filas de este candidato en la hoja 'Fuentes_[línea]' correspondiente.
A17: 12 | B17: Equidad de financiamiento | C17: Escala de nivel de evidencia | D17: 0 / 1 / 2 | E17: 2 = Evidencia robusta: existe evaluación de impacto experimental o cuasi-experimental (con grupo de comparación o diseño pre/post riguroso). 1 = Evidencia parcial: hay datos descriptivos, correlacionales o un informe institucional sin diseño causal (ej. reporte de gobierno u organismo sin metodología de atribución). 0 = Sin evidencia: no se encontró información en esa dimensión.
A18: 13 | B18: Resultados educativos | C18: Escala | D18: 0 / 1 / 2 | E18: 2 = Evidencia robusta: existe evaluación de impacto experimental o cuasi-experimental (con grupo de comparación o diseño pre/post riguroso). 1 = Evidencia parcial: hay datos descriptivos, correlacionales o un informe institucional sin diseño causal (ej. reporte de gobierno u organismo sin metodología de atribución). 0 = Sin evidencia: no se encontró información en esa dimensión.
A19: 14 | C19: Escala | D19: 0 / 1 / 2 | E19: 2 = Evidencia robusta: existe evaluación de impacto experimental o cuasi-experimental (con grupo de comparación o diseño pre/post riguroso). 1 = Evidencia parcial: hay datos descriptivos, correlacionales o un informe institucional sin diseño causal (ej. reporte de gobierno u organismo sin metodología de atribución). 0 = Sin evidencia: no se encontró información en esa dimensión.
A20: 15 | B20: Costo-efectividad | C20: Categórica | D20: Sí / Parcial / No | E20: Ver pregunta de definición en hoja Criterios.
A21: 16 | B21: Sostenibilidad y resiliencia | C21: Categórica | D21: Sí / Parcial / No | E21: Ver pregunta de definición en hoja Criterios.
A22: 17 | B22: Innovación y replicabilidad | C22: Categórica | D22: Sí / Parcial / No | E22: Ver pregunta de definición en hoja Criterios.
A23: 18 | B23: Elegibilidad | C23: Automático | D23: Elegible / Revisar con contraparte / Excluir (revisar justificación)
A24: 19 | B24: Notas / Justificación | C24: Texto libre | D24: —
A26: HOJAS 'Fuentes_Financiamiento' y 'Fuentes_Alfabetización' — una fila por CADA fuente de un candidato
A27: 1 | B27: ID_caso | C27: Numérico | D27: Debe coincidir con un ID de la hoja Ficha correspondiente | E27: Vincula esta fuente con su candidato.
A28: 2 | B28: Nombre del caso | C28: Texto automático | D28: Fórmula, no editar | E28: Se completa solo según el ID_caso.
A29: 3 | B29: Tipo de fuente | C29: Categórica | D29: Evaluación experimental o cuasi-experimental / Evidencia descriptiva o correlacional / Informe institucional / Prensa u otro | E29: Naturaleza metodológica de esta fuente específica.
A30: 4 | B30: N (tamaño de muestra) | C30: Numérico | D30: Número (ej. 280, 12000) | E30: Tamaño de muestra de esa fuente, si aplica (deja en blanco si no corresponde).
A31: 5 | B31: Unidad de N | C31: Categórica | D31: Estudiantes / Escuelas / Distritos o municipios / Otro o no aplica | E31: A qué se refiere el número anterior.
A32: 6 | B32: Dimensión que informa | C32: Categórica | D32: [Criterio primario 1] / [Criterio primario 2] / [Criterio primario 3] / Transversal o contexto | E32: Sobre cuál de los criterios primarios del candidato aporta evidencia esta fuente.
A33: 7 | B33: Nivel de evidencia que aporta (0-2) | C33: Escala | D33: 0 / 1 / 2 | E33: Escala de evidencia aplicada a esta fuente puntual.
A34: 8 | B34: Cita / Referencia | C34: Texto libre | D34: — | E34: Autor, año, institución o enlace.
A35: 9 | B35: Notas | C35: Texto libre | D35: — | E35: Cualquier aclaración sobre esta fuente.

Sheet Criterios y preguntas
A1: Criterios de inclusión / exclusión y preguntas para definir en sesión
A2: Orden: igual al de las columnas en la hoja Ficha (de izquierda a derecha).
A4: 1. VIGENCIA, NATURALEZA Y ALCANCE (columnas 5-10 de la Ficha)
B5: Financiamiento | C5: Alfabetización | D5: Pregunta para definir en sesión | E5: Propuestas de definiciones
A6: Vigencia | B6: Vigente, descontinuada o rediseñada | C6: Vigente, descontinuada o rediseñada | D6: Criterio de exclusión: reformas que al menos han estado vigente por 5 años.
A7: Tipo / Naturaleza del caso | B7: Reforma o política | C7: Reforma o política | D7: Criterio de exclusión: programas acotados o parciales. Más de una dimensión de intervención (formación docente, materiales, acompañamiento, etc..) Combinar enseñanza del código con comprensión y estrategias dialógicas (modelo teórico).
A8: Alcance geográfico | B8: Nacional o subnacional (Estadual) | C8: Nacional o subnacional (Estadual)
A9: Nivel educativo | B9: Escolar | C9: Debe cubrir al menos primeros grados de primaria | D9: Desde k hasta primer ciclo básico.
A10: Cobertura | B10: Sistémico / Focalizado a escala significativa / Piloto acotado | C10: Sistémico / Focalizado a escala significativa / Piloto acotado | D10: Foco sistémico, que intente llegar a todos los estudiantes del ciclo. Gradualidad (hasta que nivel se logran implementar).
A11: Región (dato, no criterio de peso aún) | D11: ¿Prioridad hacia LAC? (al menos 1 caso de LAC/ tercer mundo)
A12: Foco NSE | C12: No aplica | D12: Financiamiento progresivo a nivel de estudiante (NSE y otras).
A14: 2. CRITERIOS PRIMARIOS — obligatorios (columnas 12-14 de la Ficha)
B15: Financiamiento | C15: Alfabetización | D15: Pregunta para definir en sesión | E15: Propuestas de definiciones
A16: Criterio 1 | B16: Equidad en financiamiento: ¿llegó más recurso per cápita a escuelas más vulnerables?
A17: Criterio 2 | B17: Resultados educativos: acceso, permanencia, aprendizajes atribuibles al mecanismo | C17: Resultados educativos: acceso, permanencia, aprendizajes atribuibles al mecanismo | D17: ¿Exigimos que el resultado sea directamente atribuible al mecanismo (algún diseño causal), o aceptamos correlación documentada sin atribución formal?
A18: Criterio 3 | B18: Justicia educativa: reducción de brechas de aprendizaje por NSE | C18: Equidad y justicia educativa: brechas por NSE, geografía, lengua, etnia, discapacidad | D18: ¿Qué grupos de comparación son válidos — solo NSE, o también geográfico/étnico/lingüístico? ¿Cuál es la reducción mínima de brecha para considerarla evidencia relevante?
A20: 3. CRITERIOS SECUNDARIOS — diferenciadores / desempate (columnas 15-17 de la Ficha)
B21: Financiamiento | C21: Alfabetización | D21: Pregunta para definir en sesión | E21: Propuestas de definiciones
A22: Costo-efectividad | B22: Resultados con uso eficiente de recursos | C22: Resultados con uso eficiente de recursos | D22: ¿Qué entendemos por 'uso eficiente de los recursos'? ¿Comparamos costo por estudiante impactado, costo total del programa versus resultados, o basta evidencia cualitativa de baja complejidad administrativa? ¿Exigimos un estudio formal de costo-efectividad publicado, o alcanza un análisis costo-beneficio informal mencionado en alguna fuente?
A23: Sostenibilidad y resiliencia | B23: Institucionalización (política de Estado vs. de gobierno), adaptación a crisis | C23: Institucionalización (política de Estado vs. de gobierno), adaptación a crisis | D23: ¿Qué entendemos por sostenible? ¿Cuántos años mínimos de continuidad ininterrumpida? ¿Debe haber sobrevivido a un cambio de gobierno o ciclo electoral? ¿Basta con estar institucionalizado en una ley, o exigimos continuidad de facto? ¿Una reforma rediseñada que preservó su núcleo cuenta como sostenible?
A24: Innovación y replicabilidad | B24: Grado de innovación y potencial de adaptación a otros contextos de la región | C24: Grado de innovación y potencial de adaptación a otros contextos de la región — antes solo estaba en Financiamiento | D24: ¿Qué hace que un mecanismo sea 'innovador' — ser el primero en su tipo, o combinar elementos existentes de forma novedosa? ¿La replicabilidad se evalúa respecto a LAC específicamente, o a cualquier contexto?
A26: FUENTES DE BÚSQUEDA ?

Sheet Ficha_Financiamiento
A1: Ficha Financiamiento
A2: ID | B2: Nombre de la iniciativa | C2: País | D2: Año inicio | E2: Vigencia | F2: Tipo | G2: Alcance | H2: Nivel educativo | I2: Cobertura | J2: Región | K2: Nº de fuentes registradas | L2: Equidad en financiamiento (evidencia 0-2) | M2: Resultados educativos (evidencia 0-2) | N2: Justicia educativa (evidencia 0-2) | O2: Costo-efectividad | P2: Sostenibilidad y resiliencia | Q2: Innovación y replicabilidad | R2: Elegibilidad | S2: Notas / Justificación
A3: Ej. | B3: Subvención Escolar Preferencial (SEP) | C3: Chile | D3: 2008 | E3: Vigente | F3: Reforma | G3: Nacional | H3: Todos los niveles | I3: Sistémico | J3: LAC | K3: =IF(B3="","",COUNTIF(Fuentes_Financiamiento!$A$4:$A$83,A3)) -> 2 | L3: 2 | M3: 2 | N3: 2 | O3: Sí | P3: Sí | Q3: Parcial | R3: =IF(B3="","",IF(COUNTIF(L3:N3,0)>=2,"Excluir (revisar justificación)",IF(COUNTIF(L3:N3,0)=1,"Revisar con contraparte","Elegible"))) -> Elegible
A4: =ROW()-3 -> 1 | K4: =IF(B4="","",COUNTIF(Fuentes_Financiamiento!$A$4:$A$83,A4)) | R4: =IF(B4="","",IF(COUNTIF(L4:N4,0)>=2,"Excluir (revisar justificación)",IF(COUNTIF(L4:N4,0)=1,"Revisar con contraparte","Elegible")))
A5: =ROW()-3 -> 2 | K5: =IF(B5="","",COUNTIF(Fuentes_Financiamiento!$A$4:$A$83,A5)) | R5: =IF(B5="","",IF(COUNTIF(L5:N5,0)>=2,"Excluir (revisar justificación)",IF(COUNTIF(L5:N5,0)=1,"Revisar con contraparte","Elegible")))
A6: =ROW()-3 -> 3 | K6: =IF(B6="","",COUNTIF(Fuentes_Financiamiento!$A$4:$A$83,A6)) | R6: =IF(B6="","",IF(COUNTIF(L6:N6,0)>=2,"Excluir (revisar justificación)",IF(COUNTIF(L6:N6,0)=1,"Revisar con contraparte","Elegible")))
A7: =ROW()-3 -> 4 | K7: =IF(B7="","",COUNTIF(Fuentes_Financiamiento!$A$4:$A$83,A7)) | R7: =IF(B7="","",IF(COUNTIF(L7:N7,0)>=2,"Excluir (revisar justificación)",IF(COUNTIF(L7:N7,0)=1,"Revisar con contraparte","Elegible")))
A8: =ROW()-3 -> 5 | K8: =IF(B8="","",COUNTIF(Fuentes_Financiamiento!$A$4:$A$83,A8)) | R8: =IF(B8="","",IF(COUNTIF(L8:N8,0)>=2,"Excluir (revisar justificación)",IF(COUNTIF(L8:N8,0)=1,"Revisar con contraparte","Elegible")))
A9: =ROW()-3 -> 6 | K9: =IF(B9="","",COUNTIF(Fuentes_Financiamiento!$A$4:$A$83,A9)) | R9: =IF(B9="","",IF(COUNTIF(L9:N9,0)>=2,"Excluir (revisar justificación)",IF(COUNTIF(L9:N9,0)=1,"Revisar con contraparte","Elegible")))
A10: =ROW()-3 -> 7 | K10: =IF(B10="","",COUNTIF(Fuentes_Financiamiento!$A$4:$A$83,A10)) | R10: =IF(B10="","",IF(COUNTIF(L10:N10,0)>=2,"Excluir (revisar justificación)",IF(COUNTIF(L10:N10,0)=1,"Revisar con contraparte","Elegible")))
A11: =ROW()-3 -> 8 | K11: =IF(B11="","",COUNTIF(Fuentes_Financiamiento!$A$4:$A$83,A11)) | R11: =IF(B11="","",IF(COUNTIF(L11:N11,0)>=2,"Excluir (revisar justificación)",IF(COUNTIF(L11:N11,0)=1,"Revisar con contraparte","Elegible")))
A12: =ROW()-3 -> 9 | K12: =IF(B12="","",COUNTIF(Fuentes_Financiamiento!$A$4:$A$83,A12)) | R12: =IF(B12="","",IF(COUNTIF(L12:N12,0)>=2,"Excluir (revisar justificación)",IF(COUNTIF(L12:N12,0)=1,"Revisar con contraparte","Elegible")))
A13: =ROW()-3 -> 10 | K13: =IF(B13="","",COUNTIF(Fuentes_Financiamiento!$A$4:$A$83,A13)) | R13: =IF(B13="","",IF(COUNTIF(L13:N13,0)>=2,"Excluir (revisar justificación)",IF(COUNTIF(L13:N13,0)=1,"Revisar con contraparte","Elegible")))
A14: =ROW()-3 -> 11 | K14: =IF(B14="","",COUNTIF(Fuentes_Financiamiento!$A$4:$A$83,A14)) | R14: =IF(B14="","",IF(COUNTIF(L14:N14,0)>=2,"Excluir (revisar justificación)",IF(COUNTIF(L14:N14,0)=1,"Revisar con contraparte","Elegible")))
A15: =ROW()-3 -> 12 | K15: =IF(B15="","",COUNTIF(Fuentes_Financiamiento!$A$4:$A$83,A15)) | R15: =IF(B15="","",IF(COUNTIF(L15:N15,0)>=2,"Excluir (revisar justificación)",IF(COUNTIF(L15:N15,0)=1,"Revisar con contraparte","Elegible")))
... A33: =ROW()-3 -> 30 | K33: =IF(B33="","",COUNTIF(Fuentes_Financiamiento!$A$4:$A$83,A33)) | R33: =IF(B33="","",IF(COUNTIF(L33:N33,0)>=2,"Excluir (revisar justificación)",IF(COUNTIF(L33:N33,0)=1,"Revisar con contraparte","Elegible")))

Sheet Ficha_Alfabetización
A1: Ficha Alfabetización
A2: ID | B2: Nombre de la iniciativa | C2: País | D2: Año inicio | E2: Vigencia | F2: Tipo | G2: Alcance | H2: Nivel educativo | I2: Cobertura | J2: Región | K2: Nº de fuentes registradas | L2: Aprendizajes (evidencia 0-2) | M2: Acceso y trayectorias (evidencia 0-2) | N2: Equidad y justicia educativa (evidencia 0-2) | O2: Costo-efectividad | P2: Sostenibilidad y resiliencia | Q2: Innovación y replicabilidad | R2: Elegibilidad | S2: Notas / Justificación
A3: Ej. | B3: National Literacy and Numeracy Strategy | C3: Irlanda | D3: 2011 | E3: Rediseñada | F3: Reforma | G3: Nacional | H3: Primaria completa | I3: Sistémico | J3: Otra | K3: =IF(B3="","",COUNTIF(Fuentes_Alfabetización!$A$4:$A$83,A3)) -> 1 | L3: 2 | M3: 1 | N3: 1 | O3: Parcial | P3: Sí | Q3: Parcial | R3: =IF(B3="","",IF(COUNTIF(L3:N3,0)>=2,"Excluir (revisar justificación)",IF(COUNTIF(L3:N3,0)=1,"Revisar con contraparte","Elegible"))) -> Elegible | S3: Fila de ejemplo — reemplazar o borrar. Nivel 1 en acceso/equidad: verificar si hay evaluación causal antes de cerrar.
A4: =ROW()-3 -> 1 | K4: =IF(B4="","",COUNTIF(Fuentes_Alfabetización!$A$4:$A$83,A4)) | R4: =IF(B4="","",IF(COUNTIF(L4:N4,0)>=2,"Excluir (revisar justificación)",IF(COUNTIF(L4:N4,0)=1,"Revisar con contraparte","Elegible")))
A5: =ROW()-3 -> 2 | K5: =IF(B5="","",COUNTIF(Fuentes_Alfabetización!$A$4:$A$83,A5)) | R5: =IF(B5="","",IF(COUNTIF(L5:N5,0)>=2,"Excluir (revisar justificación)",IF(COUNTIF(L5:N5,0)=1,"Revisar con contraparte","Elegible")))
A6: =ROW()-3 -> 3 | K6: =IF(B6="","",COUNTIF(Fuentes_Alfabetización!$A$4:$A$83,A6)) | R6: =IF(B6="","",IF(COUNTIF(L6:N6,0)>=2,"Excluir (revisar justificación)",IF(COUNTIF(L6:N6,0)=1,"Revisar con contraparte","Elegible")))
A7: =ROW()-3 -> 4 | K7: =IF(B7="","",COUNTIF(Fuentes_Alfabetización!$A$4:$A$83,A7)) | R7: =IF(B7="","",IF(COUNTIF(L7:N7,0)>=2,"Excluir (revisar justificación)",IF(COUNTIF(L7:N7,0)=1,"Revisar con contraparte","Elegible")))
A8: =ROW()-3 -> 5 | K8: =IF(B8="","",COUNTIF(Fuentes_Alfabetización!$A$4:$A$83,A8)) | R8: =IF(B8="","",IF(COUNTIF(L8:N8,0)>=2,"Excluir (revisar justificación)",IF(COUNTIF(L8:N8,0)=1,"Revisar con contraparte","Elegible")))
A9: =ROW()-3 -> 6 | K9: =IF(B9="","",COUNTIF(Fuentes_Alfabetización!$A$4:$A$83,A9)) | R9: =IF(B9="","",IF(COUNTIF(L9:N9,0)>=2,"Excluir (revisar justificación)",IF(COUNTIF(L9:N9,0)=1,"Revisar con contraparte","Elegible")))
A10: =ROW()-3 -> 7 | K10: =IF(B10="","",COUNTIF(Fuentes_Alfabetización!$A$4:$A$83,A10)) | R10: =IF(B10="","",IF(COUNTIF(L10:N10,0)>=2,"Excluir (revisar justificación)",IF(COUNTIF(L10:N10,0)=1,"Revisar con contraparte","Elegible")))
A11: =ROW()-3 -> 8 | K11: =IF(B11="","",COUNTIF(Fuentes_Alfabetización!$A$4:$A$83,A11)) | R11: =IF(B11="","",IF(COUNTIF(L11:N11,0)>=2,"Excluir (revisar justificación)",IF(COUNTIF(L11:N11,0)=1,"Revisar con contraparte","Elegible")))
A12: =ROW()-3 -> 9 | K12: =IF(B12="","",COUNTIF(Fuentes_Alfabetización!$A$4:$A$83,A12)) | R12: =IF(B12="","",IF(COUNTIF(L12:N12,0)>=2,"Excluir (revisar justificación)",IF(COUNTIF(L12:N12,0)=1,"Revisar con contraparte","Elegible")))
A13: =ROW()-3 -> 10 | K13: =IF(B13="","",COUNTIF(Fuentes_Alfabetización!$A$4:$A$83,A13)) | R13: =IF(B13="","",IF(COUNTIF(L13:N13,0)>=2,"Excluir (revisar justificación)",IF(COUNTIF(L13:N13,0)=1,"Revisar con contraparte","Elegible")))
A14: =ROW()-3 -> 11 | K14: =IF(B14="","",COUNTIF(Fuentes_Alfabetización!$A$4:$A$83,A14)) | R14: =IF(B14="","",IF(COUNTIF(L14:N14,0)>=2,"Excluir (revisar justificación)",IF(COUNTIF(L14:N14,0)=1,"Revisar con contraparte","Elegible")))
A15: =ROW()-3 -> 12 | K15: =IF(B15="","",COUNTIF(Fuentes_Alfabetización!$A$4:$A$83,A15)) | R15: =IF(B15="","",IF(COUNTIF(L15:N15,0)>=2,"Excluir (revisar justificación)",IF(COUNTIF(L15:N15,0)=1,"Revisar con contraparte","Elegible")))
... A33: =ROW()-3 -> 30 | K33: =IF(B33="","",COUNTIF(Fuentes_Alfabetización!$A$4:$A$83,A33)) | R33: =IF(B33="","",IF(COUNTIF(L33:N33,0)>=2,"Excluir (revisar justificación)",IF(COUNTIF(L33:N33,0)=1,"Revisar con contraparte","Elegible")))

Sheet Fuentes_Financiamiento
A1: Fuentes Financiamiento
A2: ID_caso | B2: Nombre del caso | C2: Tipo de fuente | D2: N (tamaño de muestra) | E2: Unidad de N | F2: Dimensión que informa | G2: Nivel de evidencia que aporta (0-2) | H2: Cita / Referencia | I2: Notas
A3: Ej. | B3: =IFERROR(INDEX(Ficha_Financiamiento!$B$3:$B$33,MATCH(A3,Ficha_Financiamiento!$A$3:$A$33,0)),"") -> Subvención Escolar Preferencial (SEP) | C3: Evaluación experimental o cuasi-experimental | D3: 280 | E3: Escuelas | F3: Justicia educativa | G3: 2 | H3: Mizala & Torche (2013) | I3: Evaluación de impacto en resultados SIMCE
A4: Ej. | B4: =IFERROR(INDEX(Ficha_Financiamiento!$B$3:$B$33,MATCH(A4,Ficha_Financiamiento!$A$3:$A$33,0)),"") -> Subvención Escolar Preferencial (SEP) | C4: Informe institucional | E4: Otro o no aplica | F4: Equidad en financiamiento | G4: 2 | H4: Bertoni et al. (2023) | I4: Análisis de progresividad regional y por estudiante
A5: Ej. | B5: =IFERROR(INDEX(Ficha_Financiamiento!$B$3:$B$33,MATCH(A5,Ficha_Financiamiento!$A$3:$A$33,0)),"") -> Subvención Escolar Preferencial (SEP) | C5: Evidencia descriptiva o correlacional | E5: Otro o no aplica | F5: Resultados educativos | G5: 1 | H5: Elacqua et al. (2025), BID | I5: Síntesis de resultados en pruebas estandarizadas
B6: =IFERROR(INDEX(Ficha_Financiamiento!$B$3:$B$33,MATCH(A6,Ficha_Financiamiento!$A$3:$A$33,0)),"")
B7: =IFERROR(INDEX(Ficha_Financiamiento!$B$3:$B$33,MATCH(A7,Ficha_Financiamiento!$A$3:$A$33,0)),"")
B8: =IFERROR(INDEX(Ficha_Financiamiento!$B$3:$B$33,MATCH(A8,Ficha_Financiamiento!$A$3:$A$33,0)),"")
B9: =IFERROR(INDEX(Ficha_Financiamiento!$B$3:$B$33,MATCH(A9,Ficha_Financiamiento!$A$3:$A$33,0)),"")
B10: =IFERROR(INDEX(Ficha_Financiamiento!$B$3:$B$33,MATCH(A10,Ficha_Financiamiento!$A$3:$A$33,0)),"")
B11: =IFERROR(INDEX(Ficha_Financiamiento!$B$3:$B$33,MATCH(A11,Ficha_Financiamiento!$A$3:$A$33,0)),"")
B12: =IFERROR(INDEX(Ficha_Financiamiento!$B$3:$B$33,MATCH(A12,Ficha_Financiamiento!$A$3:$A$33,0)),"")
B13: =IFERROR(INDEX(Ficha_Financiamiento!$B$3:$B$33,MATCH(A13,Ficha_Financiamiento!$A$3:$A$33,0)),"")
B14: =IFERROR(INDEX(Ficha_Financiamiento!$B$3:$B$33,MATCH(A14,Ficha_Financiamiento!$A$3:$A$33,0)),"")
B15: =IFERROR(INDEX(Ficha_Financiamiento!$B$3:$B$33,MATCH(A15,Ficha_Financiamiento!$A$3:$A$33,0)),"")
B16: =IFERROR(INDEX(Ficha_Financiamiento!$B$3:$B$33,MATCH(A16,Ficha_Financiamiento!$A$3:$A$33,0)),"")
B17: =IFERROR(INDEX(Ficha_Financiamiento!$B$3:$B$33,MATCH(A17,Ficha_Financiamiento!$A$3:$A$33,0)),"")
... B83: =IFERROR(INDEX(Ficha_Financiamiento!$B$3:$B$33,MATCH(A83,Ficha_Financiamiento!$A$3:$A$33,0)),"")

Sheet Fuentes_Alfabetización
A1: Fuentes Alfabetización
A2: ID_caso | B2: Nombre del caso | C2: Tipo de fuente | D2: N (tamaño de muestra) | E2: Unidad de N | F2: Dimensión que informa | G2: Nivel de evidencia que aporta (0-2) | H2: Cita / Referencia | I2: Notas
A3: Ej. | B3: =IFERROR(INDEX(Ficha_Alfabetización!$B$3:$B$33,MATCH(A3,Ficha_Alfabetización!$A$3:$A$33,0)),"") -> National Literacy and Numeracy Strategy | C3: Evidencia descriptiva o correlacional | D3: 12000 | E3: Estudiantes | F3: Aprendizajes | G3: 2 | H3: DEPP; evaluaciones nacionales 2º/4º/6º grado | I3: Series de resultados estandarizados en lectura
A4: Ej. | B4: =IFERROR(INDEX(Ficha_Alfabetización!$B$3:$B$33,MATCH(A4,Ficha_Alfabetización!$A$3:$A$33,0)),"") -> National Literacy and Numeracy Strategy | C4: Informe institucional | E4: Otro o no aplica | F4: Equidad y justicia educativa | G4: 1 | H4: Departamento de Educación de Irlanda, informes de revisión | I4: Menciona brechas por desventaja socioeconómica sin diseño causal
B5: =IFERROR(INDEX(Ficha_Alfabetización!$B$3:$B$33,MATCH(A5,Ficha_Alfabetización!$A$3:$A$33,0)),"")
B6: =IFERROR(INDEX(Ficha_Alfabetización!$B$3:$B$33,MATCH(A6,Ficha_Alfabetización!$A$3:$A$33,0)),"")
B7: =IFERROR(INDEX(Ficha_Alfabetización!$B$3:$B$33,MATCH(A7,Ficha_Alfabetización!$A$3:$A$33,0)),"")
B8: =IFERROR(INDEX(Ficha_Alfabetización!$B$3:$B$33,MATCH(A8,Ficha_Alfabetización!$A$3:$A$33,0)),"")
B9: =IFERROR(INDEX(Ficha_Alfabetización!$B$3:$B$33,MATCH(A9,Ficha_Alfabetización!$A$3:$A$33,0)),"")
B10: =IFERROR(INDEX(Ficha_Alfabetización!$B$3:$B$33,MATCH(A10,Ficha_Alfabetización!$A$3:$A$33,0)),"")
B11: =IFERROR(INDEX(Ficha_Alfabetización!$B$3:$B$33,MATCH(A11,Ficha_Alfabetización!$A$3:$A$33,0)),"")
B12: =IFERROR(INDEX(Ficha_Alfabetización!$B$3:$B$33,MATCH(A12,Ficha_Alfabetización!$A$3:$A$33,0)),"")
B13: =IFERROR(INDEX(Ficha_Alfabetización!$B$3:$B$33,MATCH(A13,Ficha_Alfabetización!$A$3:$A$33,0)),"")
B14: =IFERROR(INDEX(Ficha_Alfabetización!$B$3:$B$33,MATCH(A14,Ficha_Alfabetización!$A$3:$A$33,0)),"")
B15: =IFERROR(INDEX(Ficha_Alfabetización!$B$3:$B$33,MATCH(A15,Ficha_Alfabetización!$A$3:$A$33,0)),"")
B16: =IFERROR(INDEX(Ficha_Alfabetización!$B$3:$B$33,MATCH(A16,Ficha_Alfabetización!$A$3:$A$33,0)),"")
... B83: =IFERROR(INDEX(Ficha_Alfabetización!$B$3:$B$33,MATCH(A83,Ficha_Alfabetización!$A$3:$A$33,0)),"")
